TRUNCATE TABLE shipments, payments, order_items, orders, cart_items, carts, inventory, product_variants, products, categories, users CASCADE;

INSERT INTO users (id, email, password_hash, name, phone, role)
VALUES
  ('00000000-0000-0000-0000-000000000001', 'naya.putri@example.com', '$argon2id$v=19$m=65536,t=3,p=4$vU0o1R2pZdzY1NDMyMTA$u9uW5fX+ZqXwXqXwXqXwXqXwXqXwXqXwXqXw', 'Naya Putri', '+628121110001', 'customer'),
  ('00000000-0000-0000-0000-000000000002', 'bima.pratama@example.com', '$argon2id$v=19$m=65536,t=3,p=4$vU0o1R2pZdzY1NDMyMTA$u9uW5fX+ZqXwXqXwXqXwXqXwXqXwXqXwXqXw', 'Bima Pratama', '+628121110002', 'customer'),
  ('00000000-0000-0000-0000-000000000003', 'sarah.lestari@example.com', '$argon2id$v=19$m=65536,t=3,p=4$vU0o1R2pZdzY1NDMyMTA$u9uW5fX+ZqXwXqXwXqXwXqXwXqXwXqXwXqXw', 'Sarah Lestari', '+628121110003', 'customer'),
  ('00000000-0000-0000-0000-000000000004', 'admin@commerce-ha.com', '$argon2id$v=19$m=65536,t=3,p=4$vU0o1R2pZdzY1NDMyMTA$u9uW5fX+ZqXwXqXwXqXwXqXwXqXwXqXwXqXw', 'Commerce Admin', '+628121110000', 'admin');

INSERT INTO categories (id, name)
VALUES
  ('10000000-0000-0000-0000-000000000001', 'Electronics'),
  ('10000000-0000-0000-0000-000000000002', 'Fashion'),
  ('10000000-0000-0000-0000-000000000003', 'Home & Living'),
  ('10000000-0000-0000-0000-000000000004', 'Beauty & Personal Care'),
  ('10000000-0000-0000-0000-000000000005', 'Sports & Outdoors');

INSERT INTO products (id, name, description, price, category_id)
VALUES
  ('20000000-0000-0000-0000-000000000001', 'MacBook Pro 14 M3', 'Laptop untuk engineering, editing, dan produktivitas berat dengan Apple M3 chip.', 24999000, '10000000-0000-0000-0000-000000000001'),
  ('20000000-0000-0000-0000-000000000002', 'Samsung Galaxy S24', 'Smartphone flagship dengan kamera pro-grade dan layar AMOLED 120Hz.', 13999000, '10000000-0000-0000-0000-000000000001'),
  ('20000000-0000-0000-0000-000000000003', 'Sony WH-1000XM5', 'Wireless noise cancelling headphone untuk kerja fokus dan travel.', 5499000, '10000000-0000-0000-0000-000000000001'),
  ('20000000-0000-0000-0000-000000000004', 'Keychron K8 Pro Mechanical Keyboard', 'Keyboard wireless hot-swappable untuk developer dan power user.', 1699000, '10000000-0000-0000-0000-000000000001'),
  ('20000000-0000-0000-0000-000000000005', 'Oversized Cotton T-Shirt', 'T-shirt premium heavyweight cotton dengan relaxed fit.', 299000, '10000000-0000-0000-0000-000000000002'),
  ('20000000-0000-0000-0000-000000000006', 'Slim Fit Chino Pants', 'Celana chino stretch untuk kerja, kuliah, dan casual daily wear.', 429000, '10000000-0000-0000-0000-000000000002'),
  ('20000000-0000-0000-0000-000000000007', 'Everyday Sneakers', 'Sneakers ringan dengan outsole nyaman untuk aktivitas harian.', 899000, '10000000-0000-0000-0000-000000000002'),
  ('20000000-0000-0000-0000-000000000008', 'Minimalist Hoodie', 'Hoodie fleece lembut dengan desain minimalis.', 549000, '10000000-0000-0000-0000-000000000002'),
  ('20000000-0000-0000-0000-000000000009', 'Ergonomic Office Chair', 'Kursi kerja dengan lumbar support dan armrest adjustable.', 2399000, '10000000-0000-0000-0000-000000000003'),
  ('20000000-0000-0000-0000-000000000010', 'Smart LED Desk Lamp', 'Lampu meja LED dengan brightness dan color temperature adjustable.', 399000, '10000000-0000-0000-0000-000000000003'),
  ('20000000-0000-0000-0000-000000000011', 'Ceramic Dinner Set', 'Set piring keramik 16 pieces untuk keluarga kecil.', 699000, '10000000-0000-0000-0000-000000000003'),
  ('20000000-0000-0000-0000-000000000012', 'Hydrating Facial Cleanser', 'Gentle cleanser untuk kulit normal hingga kering.', 129000, '10000000-0000-0000-0000-000000000004'),
  ('20000000-0000-0000-0000-000000000013', 'Vitamin C Serum 20ml', 'Serum pencerah wajah dengan formula ringan untuk pemakaian harian.', 189000, '10000000-0000-0000-0000-000000000004'),
  ('20000000-0000-0000-0000-000000000014', 'Yoga Mat Pro 6mm', 'Matras yoga anti-slip dengan bantalan 6mm.', 349000, '10000000-0000-0000-0000-000000000005'),
  ('20000000-0000-0000-0000-000000000015', 'Stainless Steel Tumbler 750ml', 'Tumbler insulated untuk olahraga, kantor, dan perjalanan.', 249000, '10000000-0000-0000-0000-000000000005');

INSERT INTO product_variants (id, product_id, sku, size, color, price)
VALUES
  ('30000000-0000-0000-0000-000000000001', '20000000-0000-0000-0000-000000000001', 'MBP14-M3-512-SBLK', '14-inch / 512GB', 'Space Black', 24999000),
  ('30000000-0000-0000-0000-000000000002', '20000000-0000-0000-0000-000000000001', 'MBP14-M3-512-SLV', '14-inch / 512GB', 'Silver', 24999000),
  ('30000000-0000-0000-0000-000000000003', '20000000-0000-0000-0000-000000000002', 'SGS24-256-BLK', '256GB', 'Onyx Black', 13999000),
  ('30000000-0000-0000-0000-000000000004', '20000000-0000-0000-0000-000000000002', 'SGS24-256-VLT', '256GB', 'Cobalt Violet', 13999000),
  ('30000000-0000-0000-0000-000000000005', '20000000-0000-0000-0000-000000000003', 'SONY-XM5-BLK', NULL, 'Black', 5499000),
  ('30000000-0000-0000-0000-000000000006', '20000000-0000-0000-0000-000000000003', 'SONY-XM5-SLV', NULL, 'Silver', 5499000),
  ('30000000-0000-0000-0000-000000000007', '20000000-0000-0000-0000-000000000004', 'K8PRO-RGB-BRN', 'Brown Switch', 'RGB Aluminum', 1699000),
  ('30000000-0000-0000-0000-000000000008', '20000000-0000-0000-0000-000000000004', 'K8PRO-RGB-RED', 'Red Switch', 'RGB Aluminum', 1699000),
  ('30000000-0000-0000-0000-000000000009', '20000000-0000-0000-0000-000000000005', 'TSHIRT-BLK-S', 'S', 'Black', 299000),
  ('30000000-0000-0000-0000-000000000010', '20000000-0000-0000-0000-000000000005', 'TSHIRT-BLK-M', 'M', 'Black', 299000),
  ('30000000-0000-0000-0000-000000000011', '20000000-0000-0000-0000-000000000005', 'TSHIRT-WHT-M', 'M', 'White', 299000),
  ('30000000-0000-0000-0000-000000000012', '20000000-0000-0000-0000-000000000005', 'TSHIRT-NVY-L', 'L', 'Navy', 299000),
  ('30000000-0000-0000-0000-000000000013', '20000000-0000-0000-0000-000000000006', 'CHINO-KHK-30', '30', 'Khaki', 429000),
  ('30000000-0000-0000-0000-000000000014', '20000000-0000-0000-0000-000000000006', 'CHINO-KHK-32', '32', 'Khaki', 429000),
  ('30000000-0000-0000-0000-000000000015', '20000000-0000-0000-0000-000000000006', 'CHINO-BLK-32', '32', 'Black', 429000),
  ('30000000-0000-0000-0000-000000000016', '20000000-0000-0000-0000-000000000007', 'SNKR-WHT-42', '42', 'White', 899000),
  ('30000000-0000-0000-0000-000000000017', '20000000-0000-0000-0000-000000000007', 'SNKR-BLK-43', '43', 'Black', 899000),
  ('30000000-0000-0000-0000-000000000018', '20000000-0000-0000-0000-000000000008', 'HOODIE-GRY-M', 'M', 'Grey', 549000),
  ('30000000-0000-0000-0000-000000000019', '20000000-0000-0000-0000-000000000008', 'HOODIE-BLK-L', 'L', 'Black', 549000),
  ('30000000-0000-0000-0000-000000000020', '20000000-0000-0000-0000-000000000009', 'CHAIR-ERG-BLK', NULL, 'Black', 2399000),
  ('30000000-0000-0000-0000-000000000021', '20000000-0000-0000-0000-000000000009', 'CHAIR-ERG-GRY', NULL, 'Grey', 2399000),
  ('30000000-0000-0000-0000-000000000022', '20000000-0000-0000-0000-000000000010', 'LAMP-LED-WHT', NULL, 'White', 399000),
  ('30000000-0000-0000-0000-000000000023', '20000000-0000-0000-0000-000000000010', 'LAMP-LED-BLK', NULL, 'Black', 399000),
  ('30000000-0000-0000-0000-000000000024', '20000000-0000-0000-0000-000000000011', 'DINNERSET-WHT-16', '16 pcs', 'Warm White', 699000),
  ('30000000-0000-0000-0000-000000000025', '20000000-0000-0000-0000-000000000012', 'CLEANSER-150ML', '150ml', NULL, 129000),
  ('30000000-0000-0000-0000-000000000026', '20000000-0000-0000-0000-000000000013', 'SERUM-VITC-20ML', '20ml', NULL, 189000),
  ('30000000-0000-0000-0000-000000000027', '20000000-0000-0000-0000-000000000014', 'YOGAMAT-PRO-BLU', '6mm', 'Ocean Blue', 349000),
  ('30000000-0000-0000-0000-000000000028', '20000000-0000-0000-0000-000000000014', 'YOGAMAT-PRO-BLK', '6mm', 'Black', 349000),
  ('30000000-0000-0000-0000-000000000029', '20000000-0000-0000-0000-000000000015', 'TUMBLER-750-GRN', '750ml', 'Forest Green', 249000),
  ('30000000-0000-0000-0000-000000000030', '20000000-0000-0000-0000-000000000015', 'TUMBLER-750-STL', '750ml', 'Steel', 249000);

INSERT INTO inventory (id, product_variant_id, stock_quantity, reserved_quantity)
VALUES
  ('40000000-0000-0000-0000-000000000001', '30000000-0000-0000-0000-000000000001', 18, 2),
  ('40000000-0000-0000-0000-000000000002', '30000000-0000-0000-0000-000000000002', 12, 1),
  ('40000000-0000-0000-0000-000000000003', '30000000-0000-0000-0000-000000000003', 25, 3),
  ('40000000-0000-0000-0000-000000000004', '30000000-0000-0000-0000-000000000004', 9, 1),
  ('40000000-0000-0000-0000-000000000005', '30000000-0000-0000-0000-000000000005', 22, 0),
  ('40000000-0000-0000-0000-000000000006', '30000000-0000-0000-0000-000000000006', 15, 0),
  ('40000000-0000-0000-0000-000000000007', '30000000-0000-0000-0000-000000000007', 11, 1),
  ('40000000-0000-0000-0000-000000000008', '30000000-0000-0000-0000-000000000008', 6, 0),
  ('40000000-0000-0000-0000-000000000009', '30000000-0000-0000-0000-000000000009', 75, 5),
  ('40000000-0000-0000-0000-000000000010', '30000000-0000-0000-0000-000000000010', 68, 4),
  ('40000000-0000-0000-0000-000000000011', '30000000-0000-0000-0000-000000000011', 72, 2),
  ('40000000-0000-0000-0000-000000000012', '30000000-0000-0000-0000-000000000012', 38, 1),
  ('40000000-0000-0000-0000-000000000013', '30000000-0000-0000-0000-000000000013', 31, 0),
  ('40000000-0000-0000-0000-000000000014', '30000000-0000-0000-0000-000000000014', 29, 2),
  ('40000000-0000-0000-0000-000000000015', '30000000-0000-0000-0000-000000000015', 21, 0),
  ('40000000-0000-0000-0000-000000000016', '30000000-0000-0000-0000-000000000016', 19, 1),
  ('40000000-0000-0000-0000-000000000017', '30000000-0000-0000-0000-000000000017', 14, 0),
  ('40000000-0000-0000-0000-000000000018', '30000000-0000-0000-0000-000000000018', 44, 3),
  ('40000000-0000-0000-0000-000000000019', '30000000-0000-0000-0000-000000000019', 33, 1),
  ('40000000-0000-0000-0000-000000000020', '30000000-0000-0000-0000-000000000020', 7, 1),
  ('40000000-0000-0000-0000-000000000021', '30000000-0000-0000-0000-000000000021', 5, 0),
  ('40000000-0000-0000-0000-000000000022', '30000000-0000-0000-0000-000000000022', 52, 4),
  ('40000000-0000-0000-0000-000000000023', '30000000-0000-0000-0000-000000000023', 41, 2),
  ('40000000-0000-0000-0000-000000000024', '30000000-0000-0000-0000-000000000024', 16, 0),
  ('40000000-0000-0000-0000-000000000025', '30000000-0000-0000-0000-000000000025', 90, 8),
  ('40000000-0000-0000-0000-000000000026', '30000000-0000-0000-0000-000000000026', 84, 6),
  ('40000000-0000-0000-0000-000000000027', '30000000-0000-0000-0000-000000000027', 23, 1),
  ('40000000-0000-0000-0000-000000000028', '30000000-0000-0000-0000-000000000028', 17, 0),
  ('40000000-0000-0000-0000-000000000029', '30000000-0000-0000-0000-000000000029', 36, 2),
  ('40000000-0000-0000-0000-000000000030', '30000000-0000-0000-0000-000000000030', 28, 1);

INSERT INTO carts (id, user_id, created_at, updated_at)
VALUES
  ('50000000-0000-0000-0000-000000000001', '00000000-0000-0000-0000-000000000001', now() - interval '1 hour', now() - interval '5 minutes'),
  ('50000000-0000-0000-0000-000000000002', '00000000-0000-0000-0000-000000000002', now() - interval '2 hours', now() - interval '20 minutes'),
  ('50000000-0000-0000-0000-000000000003', '00000000-0000-0000-0000-000000000003', now() - interval '1 day', now() - interval '30 minutes');

INSERT INTO cart_items (id, cart_id, product_variant_id, quantity)
VALUES
  ('51000000-0000-0000-0000-000000000001', '50000000-0000-0000-0000-000000000001', '30000000-0000-0000-0000-000000000010', 2),
  ('51000000-0000-0000-0000-000000000002', '50000000-0000-0000-0000-000000000001', '30000000-0000-0000-0000-000000000022', 1),
  ('51000000-0000-0000-0000-000000000003', '50000000-0000-0000-0000-000000000001', '30000000-0000-0000-0000-000000000029', 1),
  ('51000000-0000-0000-0000-000000000004', '50000000-0000-0000-0000-000000000002', '30000000-0000-0000-0000-000000000005', 1),
  ('51000000-0000-0000-0000-000000000005', '50000000-0000-0000-0000-000000000002', '30000000-0000-0000-0000-000000000018', 1),
  ('51000000-0000-0000-0000-000000000006', '50000000-0000-0000-0000-000000000003', '30000000-0000-0000-0000-000000000025', 2),
  ('51000000-0000-0000-0000-000000000007', '50000000-0000-0000-0000-000000000003', '30000000-0000-0000-0000-000000000026', 1),
  ('51000000-0000-0000-0000-000000000008', '50000000-0000-0000-0000-000000000003', '30000000-0000-0000-0000-000000000027', 1);

INSERT INTO orders (id, user_id, status, total_amount, created_at)
VALUES
  ('60000000-0000-0000-0000-000000000001', '00000000-0000-0000-0000-000000000001', 'completed', 5937000, now() - interval '14 days'),
  ('60000000-0000-0000-0000-000000000002', '00000000-0000-0000-0000-000000000002', 'shipped', 13999000, now() - interval '5 days'),
  ('60000000-0000-0000-0000-000000000003', '00000000-0000-0000-0000-000000000003', 'processing', 1045000, now() - interval '2 days'),
  ('60000000-0000-0000-0000-000000000004', '00000000-0000-0000-0000-000000000001', 'pending_payment', 2399000, now() - interval '6 hours'),
  ('60000000-0000-0000-0000-000000000005', '00000000-0000-0000-0000-000000000002', 'cancelled', 1798000, now() - interval '20 days');

INSERT INTO order_items (id, order_id, product_variant_id, quantity, unit_price)
VALUES
  ('61000000-0000-0000-0000-000000000001', '60000000-0000-0000-0000-000000000001', '30000000-0000-0000-0000-000000000005', 1, 5499000),
  ('61000000-0000-0000-0000-000000000002', '60000000-0000-0000-0000-000000000001', '30000000-0000-0000-0000-000000000026', 1, 189000),
  ('61000000-0000-0000-0000-000000000003', '60000000-0000-0000-0000-000000000001', '30000000-0000-0000-0000-000000000029', 1, 249000),
  ('61000000-0000-0000-0000-000000000004', '60000000-0000-0000-0000-000000000002', '30000000-0000-0000-0000-000000000003', 1, 13999000),
  ('61000000-0000-0000-0000-000000000005', '60000000-0000-0000-0000-000000000003', '30000000-0000-0000-0000-000000000025', 2, 129000),
  ('61000000-0000-0000-0000-000000000006', '60000000-0000-0000-0000-000000000003', '30000000-0000-0000-0000-000000000026', 1, 189000),
  ('61000000-0000-0000-0000-000000000007', '60000000-0000-0000-0000-000000000003', '30000000-0000-0000-0000-000000000027', 1, 349000),
  ('61000000-0000-0000-0000-000000000008', '60000000-0000-0000-0000-000000000003', '30000000-0000-0000-0000-000000000029', 1, 249000),
  ('61000000-0000-0000-0000-000000000009', '60000000-0000-0000-0000-000000000004', '30000000-0000-0000-0000-000000000020', 1, 2399000),
  ('61000000-0000-0000-0000-000000000010', '60000000-0000-0000-0000-000000000005', '30000000-0000-0000-0000-000000000016', 2, 899000);

INSERT INTO payments (id, order_id, payment_reference, gateway, amount, status, created_at)
VALUES
  ('70000000-0000-0000-0000-000000000001', '60000000-0000-0000-0000-000000000001', 'PAY-DEMO-202605-0001', 'midtrans', 5937000, 'success', now() - interval '14 days'),
  ('70000000-0000-0000-0000-000000000002', '60000000-0000-0000-0000-000000000002', 'PAY-DEMO-202605-0002', 'xendit', 13999000, 'success', now() - interval '5 days'),
  ('70000000-0000-0000-0000-000000000003', '60000000-0000-0000-0000-000000000003', 'PAY-DEMO-202605-0003', 'midtrans', 1045000, 'success', now() - interval '2 days'),
  ('70000000-0000-0000-0000-000000000004', '60000000-0000-0000-0000-000000000004', 'PAY-DEMO-202605-0004', 'xendit', 2399000, 'pending', now() - interval '6 hours'),
  ('70000000-0000-0000-0000-000000000005', '60000000-0000-0000-0000-000000000005', 'PAY-DEMO-202604-0005', 'midtrans', 1798000, 'failed', now() - interval '20 days');

INSERT INTO shipments (id, order_id, tracking_number, courier, status, shipped_at)
VALUES
  ('80000000-0000-0000-0000-000000000001', '60000000-0000-0000-0000-000000000001', 'JNE-HA-000001', 'JNE', 'delivered', now() - interval '12 days'),
  ('80000000-0000-0000-0000-000000000002', '60000000-0000-0000-0000-000000000002', 'SICEPAT-HA-000002', 'SiCepat', 'in_transit', now() - interval '4 days'),
  ('80000000-0000-0000-0000-000000000003', '60000000-0000-0000-0000-000000000003', NULL, 'J&T', 'packing', NULL);
